,src,dst,band0,band1,band2,band3,band4,band5,band6,band7,band8,band9,band10,band11,band12,band13,band14,band15,band16,band17,band18,band19,band20,band21,band22,band23
0,5,4,0.043069275,0.001004846,0.012677123,0.002630951,0.000739242,0.001295526,0.030747809,0.045507008,0.104316959,0.182417886,0.268606023,0.301736279,0.368954327,0.341004468,0.521499867,0.350711513,0.694922024,0.442513217,0.287971665,0.174220674,0.35944107,0.217093313,0.093406152,0.092392757
1,4,5,0.043069275,0.001004846,0.012677123,0.002630951,0.000739242,0.001295526,0.030747809,0.045507008,0.104316959,0.182417886,0.268606023,0.301736279,0.368954327,0.341004468,0.521499867,0.350711513,0.694922024,0.442513217,0.287971665,0.174220674,0.35944107,0.217093313,0.093406152,0.092392757
2,0,8,0.180753024,0.096752976,0.055477946,0.045279593,0.032909109,0.043961838,0.120466298,0.34733163,0.716323005,0.639140858,0.61753982,0.601860699,0.865384931,0.683836808,0.710148023,0.82706345,0.780256925,1.181982431,0.964920467,0.819558743,0.636100674,1.021746945,1.470322862,0.467357916
3,8,0,0.180753024,0.096752976,0.055477946,0.045279593,0.032909109,0.043961838,0.120466298,0.34733163,0.716323005,0.639140858,0.61753982,0.601860699,0.865384931,0.683836808,0.710148023,0.82706345,0.780256925,1.181982431,0.964920467,0.819558743,0.636100674,1.021746945,1.470322862,0.467357916
4,3,5,0.253572672,0.235970496,0.010578519,0.004746654,0.006124826,0.002462811,0.005423201,0.152547251,0.351594386,0.564237995,1.054843002,0.897683039,1.234050855,1.53476576,1.606630149,1.425225087,1.096615611,0.468596447,0.802312794,0.673318706,0.795677282,0.313431924,0.091279619,0.006192081
5,5,3,0.253572672,0.235970496,0.010578519,0.004746654,0.006124826,0.002462811,0.005423201,0.152547251,0.351594386,0.564237995,1.054843002,0.897683039,1.234050855,1.53476576,1.606630149,1.425225087,1.096615611,0.468596447,0.802312794,0.673318706,0.795677282,0.313431924,0.091279619,0.006192081
6,3,0,0.011100605,0.000712454,0.000699915,0.000992876,0.000578513,0.00063551,0.006439445,0.003976634,0.058685699,0.033774884,0.133126892,0.033931623,0.026429768,0.065752674,0.067544069,0.012051873,0.395420001,0.032878332,0.170017766,0.17523008,0.075516144,0.044338013,0.028649204,0.001410089
7,0,3,0.011100605,0.000712454,0.000699915,0.000992876,0.000578513,0.00063551,0.006439445,0.003976634,0.058685699,0.033774884,0.133126892,0.033931623,0.026429768,0.065752674,0.067544069,0.012051873,0.395420001,0.032878332,0.170017766,0.17523008,0.075516144,0.044338013,0.028649204,0.001410089
8,7,0,0.162739334,0.035958983,0.032019398,0.145717952,0.015791403,0.002739813,0.03601826,0.0991605,0.204899517,0.402553662,1.237370891,0.811772474,0.30262428,0.506407241,0.474923039,0.580039086,0.208636197,0.224629937,0.24972428,0.379362996,0.40895036,0.187154282,0.168764987,0.336307401
9,0,7,0.162739334,0.035958983,0.032019398,0.145717952,0.015791403,0.002739813,0.03601826,0.0991605,0.204899517,0.402553662,1.237370891,0.811772474,0.30262428,0.506407241,0.474923039,0.580039086,0.208636197,0.224629937,0.24972428,0.379362996,0.40895036,0.187154282,0.168764987,0.336307401
10,3,1,0.131806287,0.136312418,0.091579419,0.053941325,0.032774028,0.013532639,0.092932512,0.318575843,1.330086818,1.633623039,1.582678581,1.278125546,0.26647322,0.363943779,0.961431152,1.413649703,1.503875459,0.857374667,0.712600005,0.582764081,0.893233905,0.673811154,0.15845777,0.081906573
11,1,3,0.131806287,0.136312418,0.091579419,0.053941325,0.032774028,0.013532639,0.092932512,0.318575843,1.330086818,1.633623039,1.582678581,1.278125546,0.26647322,0.363943779,0.961431152,1.413649703,1.503875459,0.857374667,0.712600005,0.582764081,0.893233905,0.673811154,0.15845777,0.081906573
12,5,7,0.061589091,0.001156455,0.001597607,0.001658024,0.001377602,0.001327445,0.009642069,0.027442022,0.119859857,0.067239708,0.104730752,0.068990634,0.086340887,0.072881204,0.112443495,0.195687771,0.132656103,0.102619038,0.194592302,0.221243214,0.228212156,0.049025391,0.030824754,0.010181825
13,7,5,0.061589091,0.001156455,0.001597607,0.001658024,0.001377602,0.001327445,0.009642069,0.027442022,0.119859857,0.067239708,0.104730752,0.068990634,0.086340887,0.072881204,0.112443495,0.195687771,0.132656103,0.102619038,0.194592302,0.221243214,0.228212156,0.049025391,0.030824754,0.010181825
14,2,6,0.234073658,0.254240669,0.041031086,0.068722752,0.017528081,0.047203218,0.130804862,0.597760955,1.114107213,1.076285021,1.531817339,1.478296647,1.565621291,1.301689538,1.269050021,1.368988521,1.667583161,1.510416927,1.634861,1.42860611,1.328124434,1.014369911,1.373741445,0.824699811
15,6,2,0.234073658,0.254240669,0.041031086,0.068722752,0.017528081,0.047203218,0.130804862,0.597760955,1.114107213,1.076285021,1.531817339,1.478296647,1.565621291,1.301689538,1.269050021,1.368988521,1.667583161,1.510416927,1.634861,1.42860611,1.328124434,1.014369911,1.373741445,0.824699811
16,4,2,0.685204149,0.531796824,0.539455421,0.578811956,0.478671117,0.396300026,0.611238876,1.433495255,2.330688695,2.756420483,2.975997125,3.709786653,2.251505976,2.548792551,2.433380118,2.797188816,3.217976742,2.966200026,2.62050989,2.089797707,2.011592475,1.917224796,1.586226033,1.174260567
17,2,4,0.685204149,0.531796824,0.539455421,0.578811956,0.478671117,0.396300026,0.611238876,1.433495255,2.330688695,2.756420483,2.975997125,3.709786653,2.251505976,2.548792551,2.433380118,2.797188816,3.217976742,2.966200026,2.62050989,2.089797707,2.011592475,1.917224796,1.586226033,1.174260567
18,7,4,0.134196143,0.079598792,0.106365977,0.118637856,0.672879264,0.496088625,0.186904637,0.465036456,0.753384297,0.869833493,1.617279912,1.189321847,1.004803647,0.603627587,0.430071489,0.708718554,0.83620167,1.124187014,1.388805003,0.965692197,1.355720346,1.328371227,0.572256237,0.343700394
19,4,7,0.134196143,0.079598792,0.106365977,0.118637856,0.672879264,0.496088625,0.186904637,0.465036456,0.753384297,0.869833493,1.617279912,1.189321847,1.004803647,0.603627587,0.430071489,0.708718554,0.83620167,1.124187014,1.388805003,0.965692197,1.355720346,1.328371227,0.572256237,0.343700394
20,6,5,0.125672913,0.014192085,0.139026012,0.35058783,0.353992221,0.351332772,0.070819077,0.014860083,0.400952636,1.05969282,0.801464688,0.693211563,0.443903358,0.403478142,0.626629593,0.808521974,0.671753016,0.810279741,1.259542463,0.433879413,0.217210155,0.443977452,0.245647902,0.331096796
21,5,6,0.125672913,0.014192085,0.139026012,0.35058783,0.353992221,0.351332772,0.070819077,0.014860083,0.400952636,1.05969282,0.801464688,0.693211563,0.443903358,0.403478142,0.626629593,0.808521974,0.671753016,0.810279741,1.259542463,0.433879413,0.217210155,0.443977452,0.245647902,0.331096796
22,8,2,0.00233514,0.000841266,0.000760901,0.000763751,0.000834996,0.000734112,0.000837846,0.024100898,0.265753926,0.359620608,0.789199649,0.658424996,0.628748147,0.362280057,0.685267986,1.422349623,1.296456134,0.926373851,0.659803736,0.597851009,0.679942818,0.70274819,0.399395496,0.048907409
23,2,8,0.00233514,0.000841266,0.000760901,0.000763751,0.000834996,0.000734112,0.000837846,0.024100898,0.265753926,0.359620608,0.789199649,0.658424996,0.628748147,0.362280057,0.685267986,1.422349623,1.296456134,0.926373851,0.659803736,0.597851009,0.679942818,0.70274819,0.399395496,0.048907409
24,8,4,0.011254496,0.002361359,0.001274438,0.001933886,0.001685382,0.00138672,0.002892564,0.005828445,0.028921077,0.102994074,0.341226183,1.250502275,0.412865438,0.056414966,0.077586821,0.031268756,0.001950984,0.01536906,0.00092334,0.000967227,0.000791679,0.000743802,0.000698205,0.00186549
25,4,8,0.011254496,0.002361359,0.001274438,0.001933886,0.001685382,0.00138672,0.002892564,0.005828445,0.028921077,0.102994074,0.341226183,1.250502275,0.412865438,0.056414966,0.077586821,0.031268756,0.001950984,0.01536906,0.00092334,0.000967227,0.000791679,0.000743802,0.000698205,0.00186549
26,1,2,0.002153322,0.000739812,0.005828445,0.00715361,0.004509549,0.003404961,0.00093246,0.026165304,0.03136793,0.012462818,0.015487613,0.036895433,0.12525171,0.06890001,0.061261932,0.023117711,0.032334017,0.025073825,0.011399835,0.00341693,0.003208323,0.001203192,0.000707895,0.000852095
27,2,1,0.002153322,0.000739812,0.005828445,0.00715361,0.004509549,0.003404961,0.00093246,0.026165304,0.03136793,0.012462818,0.015487613,0.036895433,0.12525171,0.06890001,0.061261932,0.023117711,0.032334017,0.025073825,0.011399835,0.00341693,0.003208323,0.001203192,0.000707895,0.000852095
28,6,4,1.494966363,0.805044627,0.547779165,0.12290859,0.140791188,0.190356905,0.774889011,1.079224322,1.205774978,1.84328745,1.609149386,1.078682286,1.704158844,1.190099847,1.849229886,1.814863382,2.054079818,1.813785011,1.918893078,2.016302082,2.045640941,2.237581773,3.372173468,2.956746615
29,4,6,1.494966363,0.805044627,0.547779165,0.12290859,0.140791188,0.190356905,0.774889011,1.079224322,1.205774978,1.84328745,1.609149386,1.078682286,1.704158844,1.190099847,1.849229886,1.814863382,2.054079818,1.813785011,1.918893078,2.016302082,2.045640941,2.237581773,3.372173468,2.956746615
30,7,6,1.757338128,1.102965572,0.762585783,0.396948074,0.115773791,0.072588243,0.168619646,0.293071697,0.307811517,0.478430594,0.63786243,0.444657419,0.936499818,0.896333366,0.585568299,0.476131361,0.496826157,0.891319968,0.840071151,1.017091485,1.179780092,0.899624334,1.588623869,1.212989573
31,6,7,1.757338128,1.102965572,0.762585783,0.396948074,0.115773791,0.072588243,0.168619646,0.293071697,0.307811517,0.478430594,0.63786243,0.444657419,0.936499818,0.896333366,0.585568299,0.476131361,0.496826157,0.891319968,0.840071151,1.017091485,1.179780092,0.899624334,1.588623869,1.212989573
32,7,6,1.225875872,0.817097642,0.620756693,0.606100656,0.211956233,0.227577786,0.121920845,0.286570695,0.306692109,0.472917338,0.422023608,0.399849186,0.659072474,0.673598558,0.375124749,0.561825909,0.539761491,0.838323074,1.058475948,0.793335872,0.861824939,1.082686848,1.812618296,1.142386512
33,6,7,1.225875872,0.817097642,0.620756693,0.606100656,0.211956233,0.227577786,0.121920845,0.286570695,0.306692109,0.472917338,0.422023608,0.399849186,0.659072474,0.673598558,0.375124749,0.561825909,0.539761491,0.838323074,1.058475948,0.793335872,0.861824939,1.082686848,1.812618296,1.142386512
34,8,1,0.528267042,0.073891749,0.092634422,0.055941896,0.151750442,0.188945676,0.665241186,0.969278976,0.818092797,0.83543849,0.679808307,0.97074948,1.104735308,0.902981987,1.164033717,0.87781583,1.413453636,1.447093439,1.068890888,1.403987685,1.72238114,1.130399615,1.279005569,0.716681511
35,1,8,0.528267042,0.073891749,0.092634422,0.055941896,0.151750442,0.188945676,0.665241186,0.969278976,0.818092797,0.83543849,0.679808307,0.97074948,1.104735308,0.902981987,1.164033717,0.87781583,1.413453636,1.447093439,1.068890888,1.403987685,1.72238114,1.130399615,1.279005569,0.716681511
36,1,7,0.19150994,0.091910568,0.085138835,0.052208066,0.038561436,0.061990346,0.076571147,0.134857301,0.80919282,1.576510439,1.234435581,1.439936979,1.748530485,1.352116467,1.423358457,2.714674092,2.183513918,2.167674638,1.737955386,1.612459733,2.484028194,1.12113942,1.690369722,0.356395757
37,7,1,0.19150994,0.091910568,0.085138835,0.052208066,0.038561436,0.061990346,0.076571147,0.134857301,0.80919282,1.576510439,1.234435581,1.439936979,1.748530485,1.352116467,1.423358457,2.714674092,2.183513918,2.167674638,1.737955386,1.612459733,2.484028194,1.12113942,1.690369722,0.356395757
38,5,0,5.735256024,4.378148388,2.082039366,0.91271582,0.546349697,0.276607737,0.313006161,1.075911695,2.070287864,2.446825551,2.437683341,2.830125854,3.086836173,4.41770726,4.854410841,4.004389841,4.866421677,3.875577572,4.100076416,4.666930541,4.133095529,5.42276283,4.922385801,7.05
39,0,5,5.735256024,4.378148388,2.082039366,0.91271582,0.546349697,0.276607737,0.313006161,1.075911695,2.070287864,2.446825551,2.437683341,2.830125854,3.086836173,4.41770726,4.854410841,4.004389841,4.866421677,3.875577572,4.100076416,4.666930541,4.133095529,5.42276283,4.922385801,7.05
40,8,6,0.756463238,0.658617642,0.389010765,0.282022958,0.069679721,0.122462879,0.106886354,0.344017863,0.864540245,1.000964945,1.441734074,2.233004399,2.153026013,2.169908894,2.642450627,2.943354758,1.975591314,3.599328911,3.876723197,2.227109838,1.512953265,1.280100468,2.012102022,1.44721256
41,6,8,0.756463238,0.658617642,0.389010765,0.282022958,0.069679721,0.122462879,0.106886354,0.344017863,0.864540245,1.000964945,1.441734074,2.233004399,2.153026013,2.169908894,2.642450627,2.943354758,1.975591314,3.599328911,3.876723197,2.227109838,1.512953265,1.280100468,2.012102022,1.44721256
42,4,7,0.895637441,0.34050575,0.471235947,0.099444912,0.171707136,0.079891182,0.054524967,0.08955662,0.084575141,0.266388296,0.131810277,0.163189605,0.404052096,0.112812831,0.160565495,0.21044013,0.272224719,0.449215415,0.237235814,0.292233281,0.304421945,0.590635844,0.537899991,0.589655507
43,7,4,0.895637441,0.34050575,0.471235947,0.099444912,0.171707136,0.079891182,0.054524967,0.08955662,0.084575141,0.266388296,0.131810277,0.163189605,0.404052096,0.112812831,0.160565495,0.21044013,0.272224719,0.449215415,0.237235814,0.292233281,0.304421945,0.590635844,0.537899991,0.589655507
44,3,6,0.951722967,0.601163634,0.135680328,0.11128362,0.052296411,0.039868931,0.052131122,0.130002354,0.193439837,0.14682881,0.213181655,0.340749125,0.37216151,0.263756775,0.628688301,0.228882432,0.112556348,0.192725672,0.356759393,0.157731636,0.799566711,0.597837329,0.545512421,1.288544474
45,6,3,0.951722967,0.601163634,0.135680328,0.11128362,0.052296411,0.039868931,0.052131122,0.130002354,0.193439837,0.14682881,0.213181655,0.340749125,0.37216151,0.263756775,0.628688301,0.228882432,0.112556348,0.192725672,0.356759393,0.157731636,0.799566711,0.597837329,0.545512421,1.288544474
46,0,1,0.300250383,0.116851022,0.237518516,0.1978827,0.151920291,0.128542107,0.174029166,0.102295869,0.03772074,0.087923105,0.128885796,0.489090047,0.152295327,0.188796915,0.150667512,0.079936779,0.220655583,0.241479191,0.185341797,0.53978999,0.448089738,0.417951219,0.568666038,0.240089621
47,1,0,0.300250383,0.116851022,0.237518516,0.1978827,0.151920291,0.128542107,0.174029166,0.102295869,0.03772074,0.087923105,0.128885796,0.489090047,0.152295327,0.188796915,0.150667512,0.079936779,0.220655583,0.241479191,0.185341797,0.53978999,0.448089738,0.417951219,0.568666038,0.240089621
48,3,0,0.469493568,0.330825494,0.100836762,0.038658899,0.055219182,0.041947587,0.067109756,0.245659301,0.328300557,0.39901419,0.485388705,1.045124559,1.346886485,0.530207196,0.326507453,0.649332371,0.373366983,0.938397225,0.996725558,1.335440483,2.230909784,1.728855353,0.867541101,0.395148129
49,0,3,0.469493568,0.330825494,0.100836762,0.038658899,0.055219182,0.041947587,0.067109756,0.245659301,0.328300557,0.39901419,0.485388705,1.045124559,1.346886485,0.530207196,0.326507453,0.649332371,0.373366983,0.938397225,0.996725558,1.335440483,2.230909784,1.728855353,0.867541101,0.395148129
50,5,1,1.174628765,0.713266862,0.34267788,0.165187326,0.146241747,0.155825109,0.180661829,0.380157525,0.347550497,0.965832408,0.647847617,0.594131997,0.959921889,0.677535294,0.804158336,0.394571327,0.285332165,0.682668383,0.579395597,1.34525012,0.913309722,0.539098623,0.932365874,1.008762612
51,1,5,1.174628765,0.713266862,0.34267788,0.165187326,0.146241747,0.155825109,0.180661829,0.380157525,0.347550497,0.965832408,0.647847617,0.594131997,0.959921889,0.677535294,0.804158336,0.394571327,0.285332165,0.682668383,0.579395597,1.34525012,0.913309722,0.539098623,0.932365874,1.008762612
52,0,8,0.87811449,1.340683575,0.233578359,0.074294714,0.170977583,0.025665447,0.029060718,0.160521608,0.204144317,0.334049777,0.152297037,0.116010326,0.568260225,0.535766619,0.30465677,0.516832439,0.623990664,0.472761168,0.810557883,0.487068386,0.390141572,0.707217272,1.165826252,1.24265844
53,8,0,0.87811449,1.340683575,0.233578359,0.074294714,0.170977583,0.025665447,0.029060718,0.160521608,0.204144317,0.334049777,0.152297037,0.116010326,0.568260225,0.535766619,0.30465677,0.516832439,0.623990664,0.472761168,0.810557883,0.487068386,0.390141572,0.707217272,1.165826252,1.24265844
54,2,8,0.548351408,0.433384116,0.297480932,0.018143072,0.018738113,0.024866358,0.030213753,0.089680302,0.286173431,0.42507747,0.229462085,0.12819785,0.36239633,0.277688958,0.201000969,0.338203098,0.263362931,0.235577792,0.634968156,0.497970644,0.34966449,0.505377317,0.315406847,0.506412941
55,8,2,0.548351408,0.433384116,0.297480932,0.018143072,0.018738113,0.024866358,0.030213753,0.089680302,0.286173431,0.42507747,0.229462085,0.12819785,0.36239633,0.277688958,0.201000969,0.338203098,0.263362931,0.235577792,0.634968156,0.497970644,0.34966449,0.505377317,0.315406847,0.506412941
56,3,2,0.00232089,0.004607013,0.004790541,0.003611288,0.002609292,0.003189515,0.011207189,0.010350533,0.02561472,0.028585368,0.007033917,0.010462247,0.033113727,0.013559997,0.203075636,0.00931947,0.007686525,0.060917105,0.026812212,0.045208347,0.152970734,0.018571683,0.01319636,0.006915365
57,2,3,0.00232089,0.004607013,0.004790541,0.003611288,0.002609292,0.003189515,0.011207189,0.010350533,0.02561472,0.028585368,0.007033917,0.010462247,0.033113727,0.013559997,0.203075636,0.00931947,0.007686525,0.060917105,0.026812212,0.045208347,0.152970734,0.018571683,0.01319636,0.006915365
58,8,7,0.00325278,0.001727559,0.002617272,0.001623255,0.001624395,0.001711031,0.010468515,0.012522093,0.01458935,0.009197498,0.099106355,0.004236537,0.012533493,0.015676841,0.040140804,0.025825037,0.029241966,0.025505856,0.008307215,0.174563792,0.025446581,0.032396142,0.024173853,0.008755206
59,7,8,0.00325278,0.001727559,0.002617272,0.001623255,0.001624395,0.001711031,0.010468515,0.012522093,0.01458935,0.009197498,0.099106355,0.004236537,0.012533493,0.015676841,0.040140804,0.025825037,0.029241966,0.025505856,0.008307215,0.174563792,0.025446581,0.032396142,0.024173853,0.008755206
60,1,7,0.01256769,0.005479058,0.00667997,0.004533488,0.008151045,0.004249646,0.009866634,0.013643781,0.075373083,0.045349698,0.043887173,0.036086655,0.163630187,0.020825318,0.008262758,0.015456834,0.016650908,0.022872626,0.088946759,0.108624741,0.099110345,0.040984919,0.018752931,0.042586517
61,7,1,0.01256769,0.005479058,0.00667997,0.004533488,0.008151045,0.004249646,0.009866634,0.013643781,0.075373083,0.045349698,0.043887173,0.036086655,0.163630187,0.020825318,0.008262758,0.015456834,0.016650908,0.022872626,0.088946759,0.108624741,0.099110345,0.040984919,0.018752931,0.042586517
62,3,2,0.334899591,0.105314964,0.018640649,0.008428047,0.007961247,0.00667712,0.016822466,0.026321474,0.075073853,0.042101477,0.028629825,0.061672307,0.019704201,0.014884022,0.165507645,0.00418182,0.012039905,0.006086639,0.0149091,0.162919443,0.037222592,0.403072329,0.497911368,0.449810457
63,2,3,0.334899591,0.105314964,0.018640649,0.008428047,0.007961247,0.00667712,0.016822466,0.026321474,0.075073853,0.042101477,0.028629825,0.061672307,0.019704201,0.014884022,0.165507645,0.00418182,0.012039905,0.006086639,0.0149091,0.162919443,0.037222592,0.403072329,0.497911368,0.449810457
64,3,6,0.06907841,0.054622431,0.038475941,0.021609018,0.035822762,0.03042692,0.020829878,0.024075249,0.026049032,0.038865227,0.041807946,0.060782594,0.014629818,0.05355147,0.010648055,0.040414956,0.018490179,0.053859819,0.018202917,0.029240826,0.052956428,0.081426663,0.10848054,0.101443773
65,6,3,0.06907841,0.054622431,0.038475941,0.021609018,0.035822762,0.03042692,0.020829878,0.024075249,0.026049032,0.038865227,0.041807946,0.060782594,0.014629818,0.05355147,0.010648055,0.040414956,0.018490179,0.053859819,0.018202917,0.029240826,0.052956428,0.081426663,0.10848054,0.101443773
66,3,5,0.002088915,0.002111714,0.001992021,0.002160161,0.002137362,0.002051868,0.002126534,0.009729843,0.068661767,0.35245275,0.560056743,0.683106114,0.243768164,0.307604621,0.343095663,0.388748582,0.560937336,0.41220314,0.929275533,0.962344233,0.309878774,0.172993544,0.042748956,0.002050728
67,5,3,0.002088915,0.002111714,0.001992021,0.002160161,0.002137362,0.002051868,0.002126534,0.009729843,0.068661767,0.35245275,0.560056743,0.683106114,0.243768164,0.307604621,0.343095663,0.388748582,0.560937336,0.41220314,0.929275533,0.962344233,0.309878774,0.172993544,0.042748956,0.002050728
68,7,1,0.001501853,0.00139356,0.001456256,0.001499004,0.001575948,0.00139356,0.00155144,0.005836424,0.25980807,0.362629445,0.497811624,0.289494036,0.445019916,0.551123139,0.391900479,0.471137343,0.332984514,0.445996263,0.199328697,0.094014303,0.060790004,0.002517528,0.001904247,0.006487892
69,1,7,0.001501853,0.00139356,0.001456256,0.001499004,0.001575948,0.00139356,0.00155144,0.005836424,0.25980807,0.362629445,0.497811624,0.289494036,0.445019916,0.551123139,0.391900479,0.471137343,0.332984514,0.445996263,0.199328697,0.094014303,0.060790004,0.002517528,0.001904247,0.006487892
70,0,3,0.001379312,0.001373612,0.001339413,0.001362212,0.001276718,0.001322315,0.001362212,0.019298957,0.23978982,0.261855378,0.603759818,0.38969757,0.187737924,0.611434943,1.136058779,0.408182049,0.427299758,0.282446441,0.320904143,0.202181933,0.084784317,0.083324642,0.063882624,0.014864072
71,3,0,0.001379312,0.001373612,0.001339413,0.001362212,0.001276718,0.001322315,0.001362212,0.019298957,0.23978982,0.261855378,0.603759818,0.38969757,0.187737924,0.611434943,1.136058779,0.408182049,0.427299758,0.282446441,0.320904143,0.202181933,0.084784317,0.083324642,0.063882624,0.014864072
72,1,4,0.00838758,0.00157025,0.001385012,0.001473356,0.001433457,0.001385012,0.001367912,0.044139096,0.444750323,0.441692471,0.531547751,0.862594389,0.276446438,0.715918331,0.68831444,0.60572847,0.95275916,0.775547319,0.500716157,0.594992073,0.459948963,0.115204397,0.076316943,0.024760344
73,4,1,0.00838758,0.00157025,0.001385012,0.001473356,0.001433457,0.001385012,0.001367912,0.044139096,0.444750323,0.441692471,0.531547751,0.862594389,0.276446438,0.715918331,0.68831444,0.60572847,0.95275916,0.775547319,0.500716157,0.594992073,0.459948963,0.115204397,0.076316943,0.024760344
74,0,8,0.001329155,0.001416929,0.00140553,0.001463096,0.001440297,0.001377032,0.001471076,0.001512113,0.237715724,0.889985685,0.975755468,0.855248703,0.394082868,0.539660037,0.535001157,0.650929409,1.17251477,0.875588412,0.26863908,0.013758344,0.006906245,0.001457396,0.001526361,0.00139584
75,8,0,0.001329155,0.001416929,0.00140553,0.001463096,0.001440297,0.001377032,0.001471076,0.001512113,0.237715724,0.889985685,0.975755468,0.855248703,0.394082868,0.539660037,0.535001157,0.650929409,1.17251477,0.875588412,0.26863908,0.013758344,0.006906245,0.001457396,0.001526361,0.00139584
76,4,1,0.001279568,0.001350813,0.001211172,0.001282418,0.001382162,0.001265319,0.001310916,0.003123969,0.279568697,0.395014758,1.520459681,1.028121984,0.141566909,0.334368386,0.183034017,0.487577364,0.615069599,0.054453152,0.040804811,0.082862972,0.125896338,0.025196937,0.030918228,0.001345113
77,1,4,0.001279568,0.001350813,0.001211172,0.001282418,0.001382162,0.001265319,0.001310916,0.003123969,0.279568697,0.395014758,1.520459681,1.028121984,0.141566909,0.334368386,0.183034017,0.487577364,0.615069599,0.054453152,0.040804811,0.082862972,0.125896338,0.025196937,0.030918228,0.001345113
78,7,4,0.001678542,0.001584498,0.001627245,0.001547451,0.001513253,0.001419209,0.002736963,0.002594474,0.036038208,0.087289305,0.044771186,0.037946445,0.014832725,0.032692524,0.091853571,0.032704493,0.011353668,0.050761499,0.014445719,0.0018729,0.014349396,0.00203192,0.005053865,0.001513823
79,4,7,0.001678542,0.001584498,0.001627245,0.001547451,0.001513253,0.001419209,0.002736963,0.002594474,0.036038208,0.087289305,0.044771186,0.037946445,0.014832725,0.032692524,0.091853571,0.032704493,0.011353668,0.050761499,0.014445719,0.0018729,0.014349396,0.00203192,0.005053865,0.001513823
80,3,0,0.001513253,0.001339413,0.001527501,0.001382162,0.001410659,0.00138786,0.001481334,0.00139356,0.002613852,0.01180565,0.051509861,0.291635958,0.041316638,0.035480214,0.083786882,0.121554927,0.039788567,0.046142517,0.10104195,0.197741919,0.223079066,0.213337824,0.111989234,0.001310916
81,0,3,0.001513253,0.001339413,0.001527501,0.001382162,0.001410659,0.00138786,0.001481334,0.00139356,0.002613852,0.01180565,0.051509861,0.291635958,0.041316638,0.035480214,0.083786882,0.121554927,0.039788567,0.046142517,0.10104195,0.197741919,0.223079066,0.213337824,0.111989234,0.001310916
82,2,3,0.00001545,0.00000285,0.00000285,0.001476206,0.0000057,0.00000855,0.00000855,0.00003705,0.001027074,0.000734112,0.013853528,0.040750095,0.017965812,0.006486182,0.028234271,0.003442008,0.017402688,0.011095475,0.005209464,0.001379882,0.008783135,0.002341979,0.0000735,0.00007575
83,3,2,0.00001545,0.00000285,0.00000285,0.001476206,0.0000057,0.00000855,0.00000855,0.00003705,0.001027074,0.000734112,0.013853528,0.040750095,0.017965812,0.006486182,0.028234271,0.003442008,0.017402688,0.011095475,0.005209464,0.001379882,0.008783135,0.002341979,0.0000735,0.00007575
84,7,2,0,0.00000285,0.0000114,0,0.00000855,0.00001425,0.00000285,0.0001413,0.001041893,0.065148512,0.027244815,0.028420079,0.148552379,0.145047674,0.096805983,0.153077886,0.153684327,0.245597175,0.236420196,0.107740158,0.124102094,0.033704778,0.005018526,0.00005295
85,2,7,0,0.00000285,0.0000114,0,0.00000855,0.00001425,0.00000285,0.0001413,0.001041893,0.065148512,0.027244815,0.028420079,0.148552379,0.145047674,0.096805983,0.153077886,0.153684327,0.245597175,0.236420196,0.107740158,0.124102094,0.033704778,0.005018526,0.00005295
86,2,0,0.001966374,0.002104305,0.00185523,0.002146482,0.001943576,0.002143632,0.001892279,0.011100035,0.027504719,0.063404424,0.107284187,0.037080101,0.105115478,0.160460051,0.123525861,0.459129357,0.158971877,0.237196487,0.098677742,0.04701399,0.026353392,0.123420987,0.027446012,0.01211115
87,0,2,0.001966374,0.002104305,0.00185523,0.002146482,0.001943576,0.002143632,0.001892279,0.011100035,0.027504719,0.063404424,0.107284187,0.037080101,0.105115478,0.160460051,0.123525861,0.459129357,0.158971877,0.237196487,0.098677742,0.04701399,0.026353392,0.123420987,0.027446012,0.01211115
88,0,4,0.041955567,0.052646369,0.011424344,0.004384728,0.001166715,0.00000855,0.0000057,0.015463674,0.022711326,0.05045771,0.100397891,0.066254241,0.145906038,0.084961005,0.04207697,0.049096067,0.063553185,0.045904272,0.059741271,0.06192537,0.045905412,0.064070712,0.013766894,0.001204902
89,4,0,0.041955567,0.052646369,0.011424344,0.004384728,0.001166715,0.00000855,0.0000057,0.015463674,0.022711326,0.05045771,0.100397891,0.066254241,0.145906038,0.084961005,0.04207697,0.049096067,0.063553185,0.045904272,0.059741271,0.06192537,0.045905412,0.064070712,0.013766894,0.001204902
90,0,2,0.014825315,0.00232032,0.047006012,0.022603034,0.002660019,0.002385867,0.002187519,0.019815344,0.05650616,0.26368097,0.468349083,0.480414065,0.445761438,0.990042738,0.832080266,0.574654643,0.613526708,0.611469711,0.317737997,0.479819024,0.892640574,0.133937381,0.228558693,0.130627034
91,2,0,0.014825315,0.00232032,0.047006012,0.022603034,0.002660019,0.002385867,0.002187519,0.019815344,0.05650616,0.26368097,0.468349083,0.480414065,0.445761438,0.990042738,0.832080266,0.574654643,0.613526708,0.611469711,0.317737997,0.479819024,0.892640574,0.133937381,0.228558693,0.130627034
92,4,7,0.002216588,0.00140211,0.001367912,0.001368482,0.001513823,0.00140838,0.001319465,0.015941303,0.009632949,0.020979779,0.085786883,0.032211474,0.040819631,0.386229914,0.505693646,0.223704317,0.650931119,0.750685521,0.309744263,0.823117023,0.727081061,0.231122388,0.018569403,0.001519523
93,7,4,0.002216588,0.00140211,0.001367912,0.001368482,0.001513823,0.00140838,0.001319465,0.015941303,0.009632949,0.020979779,0.085786883,0.032211474,0.040819631,0.386229914,0.505693646,0.223704317,0.650931119,0.750685521,0.309744263,0.823117023,0.727081061,0.231122388,0.018569403,0.001519523
94,5,7,0.291602331,0.243702618,0.340747415,0.15784164,0.039806235,0.002376747,0.010621836,0.059900861,0.282790128,0.742101873,1.508323452,1.096328349,1.445767704,1.716459792,2.136910301,2.364925248,3.459586455,2.108295294,1.790353821,1.730277411,1.687244045,1.523561991,0.868065467,0.056862956
95,7,5,0.291602331,0.243702618,0.340747415,0.15784164,0.039806235,0.002376747,0.010621836,0.059900861,0.282790128,0.742101873,1.508323452,1.096328349,1.445767704,1.716459792,2.136910301,2.364925248,3.459586455,2.108295294,1.790353821,1.730277411,1.687244045,1.523561991,0.868065467,0.056862956
96,5,8,0.017938454,0.004116275,0.001202622,0.015666581,0.010357373,0.009230555,0.055937336,0.424418024,0.708368027,0.645350607,0.649934822,1.756274006,1.730857064,1.049324618,1.215915194,1.193901503,1.161990399,2.849275479,1.524200349,0.820201661,0.600545225,0.138049665,0.07605134,0.024591066
97,8,5,0.017938454,0.004116275,0.001202622,0.015666581,0.010357373,0.009230555,0.055937336,0.424418024,0.708368027,0.645350607,0.649934822,1.756274006,1.730857064,1.049324618,1.215915194,1.193901503,1.161990399,2.849275479,1.524200349,0.820201661,0.600545225,0.138049665,0.07605134,0.024591066
98,6,5,0.042246248,0.049099487,0.071175305,0.013340561,0.011424914,0.013136514,0.037912817,0.150102108,0.2584128,0.404963466,0.527500442,1.295321337,0.436007087,0.274199072,0.837239004,1.709866457,0.996894836,0.890505491,0.404539415,0.433093434,0.144431544,0.408166661,0.097282472,0.352415703
99,5,6,0.042246248,0.049099487,0.071175305,0.013340561,0.011424914,0.013136514,0.037912817,0.150102108,0.2584128,0.404963466,0.527500442,1.295321337,0.436007087,0.274199072,0.837239004,1.709866457,0.996894836,0.890505491,0.404539415,0.433093434,0.144431544,0.408166661,0.097282472,0.352415703
100,5,4,0.308923544,0.223950284,0.007729839,0.011817062,0.004521557,0.000715838,0.000667511,0.002851874,0.002906846,0.076166946,0.155321079,0.518824682,0.907926279,0.434718281,0.43139462,0.736090794,1.761086442,0.297981194,0.158565002,0.842035985,0.411920813,0.307540196,0.29555097,0.134573264
101,4,5,0.308923544,0.223950284,0.007729839,0.011817062,0.004521557,0.000715838,0.000667511,0.002851874,0.002906846,0.076166946,0.155321079,0.518824682,0.907926279,0.434718281,0.43139462,0.736090794,1.761086442,0.297981194,0.158565002,0.842035985,0.411920813,0.307540196,0.29555097,0.134573264
102,0,8,0.534755546,0.682244696,0.135713771,0.132977882,0.062930291,0.047321405,0.04648173,0.050261474,0.124730343,0.329569875,0.921392486,0.868746699,0.911192553,0.882767453,0.996511953,0.837180369,0.72317249,1.010281409,0.848400597,1.413458732,1.199215448,0.952281639,1.327061649,0.987077393
103,8,0,0.534755546,0.682244696,0.135713771,0.132977882,0.062930291,0.047321405,0.04648173,0.050261474,0.124730343,0.329569875,0.921392486,0.868746699,0.911192553,0.882767453,0.996511953,0.837180369,0.72317249,1.010281409,0.848400597,1.413458732,1.199215448,0.952281639,1.327061649,0.987077393
104,3,5,0.075362309,0.013113422,0.199045776,0.046781354,0.00388425,0.002007971,0.002998062,0.002548625,0.018188924,0.043907735,0.431657394,0.788510049,0.916280136,0.837406296,0.589554885,0.870557738,1.418742641,1.788770937,1.045554992,0.506181236,0.484969485,0.772570125,0.337581821,0.191086991
105,5,3,0.075362309,0.013113422,0.199045776,0.046781354,0.00388425,0.002007971,0.002998062,0.002548625,0.018188924,0.043907735,0.431657394,0.788510049,0.916280136,0.837406296,0.589554885,0.870557738,1.418742641,1.788770937,1.045554992,0.506181236,0.484969485,0.772570125,0.337581821,0.191086991
106,3,0,0.085102533,0.108907007,0.006490262,0.001159839,0.000722483,0.000679593,0.000688655,0.000646368,0.002336591,0.004588611,0.081507639,0.020624583,0.040906049,0.021372438,0.010842072,0.02344142,0.034784277,0.024327609,0.019412795,0.057379377,0.145828527,0.166200605,0.168061782,0.044902053
107,0,3,0.085102533,0.108907007,0.006490262,0.001159839,0.000722483,0.000679593,0.000688655,0.000646368,0.002336591,0.004588611,0.081507639,0.020624583,0.040906049,0.021372438,0.010842072,0.02344142,0.034784277,0.024327609,0.019412795,0.057379377,0.145828527,0.166200605,0.168061782,0.044902053
108,7,0,0.28352973,0.80975261,1.333440155,0.667514144,0.804905451,0.058621974,0.047175216,0.040692807,0.036646662,0.106368653,0.281293416,0.534474042,0.425778464,0.723286662,0.442135809,0.269778396,0.246636602,0.23830268,0.394111857,0.659735978,0.616640735,0.412504961,0.301646163,0.470769923
109,0,7,0.28352973,0.80975261,1.333440155,0.667514144,0.804905451,0.058621974,0.047175216,0.040692807,0.036646662,0.106368653,0.281293416,0.534474042,0.425778464,0.723286662,0.442135809,0.269778396,0.246636602,0.23830268,0.394111857,0.659735978,0.616640735,0.412504961,0.301646163,0.470769923
110,3,1,0.196610115,0.062837867,0.088568759,0.026681115,0.037285782,0.025487448,0.039088968,0.042207242,0.078421986,0.352428959,1.609940177,2.510641026,3.379668623,2.49918279,0.439143185,0.959125289,1.372081499,1.785318002,1.268362352,1.336847181,1.059059859,0.976318683,1.230522021,1.585479671
111,1,3,0.196610115,0.062837867,0.088568759,0.026681115,0.037285782,0.025487448,0.039088968,0.042207242,0.078421986,0.352428959,1.609940177,2.510641026,3.379668623,2.49918279,0.439143185,0.959125289,1.372081499,1.785318002,1.268362352,1.336847181,1.059059859,0.976318683,1.230522021,1.585479671
112,5,7,0.094775102,0.031166427,0.011251037,0.025796133,0.135844857,0.017781771,0.019451456,0.001486043,0.007307586,0.341310218,0.122846814,0.126325725,0.15217683,0.048369488,0.047050172,0.082693452,0.056529434,0.126432648,0.059340833,0.096166304,0.108465423,0.170836334,0.108094517,0.075783354
113,7,5,0.094775102,0.031166427,0.011251037,0.025796133,0.135844857,0.017781771,0.019451456,0.001486043,0.007307586,0.341310218,0.122846814,0.126325725,0.15217683,0.048369488,0.047050172,0.082693452,0.056529434,0.126432648,0.059340833,0.096166304,0.108465423,0.170836334,0.108094517,0.075783354
114,2,6,1.173110628,0.907315553,0.867195416,0.329437581,0.10384842,0.159503142,0.068689613,0.043873302,0.104196977,0.238090647,0.60791718,1.385493941,1.642690508,3.051500825,2.93718728,1.907833175,1.532426732,2.178156453,2.084058528,2.170174712,2.263339934,2.145654401,2.218401032,1.92811766
115,6,2,1.173110628,0.907315553,0.867195416,0.329437581,0.10384842,0.159503142,0.068689613,0.043873302,0.104196977,0.238090647,0.60791718,1.385493941,1.642690508,3.051500825,2.93718728,1.907833175,1.532426732,2.178156453,2.084058528,2.170174712,2.263339934,2.145654401,2.218401032,1.92811766
116,4,2,1.931983184,1.520749214,0.684734723,0.590073189,0.235412145,0.12939084,0.088310816,0.100053575,0.181357034,0.472222136,1.412519987,2.429953127,3.454178571,3.217763649,3.509000867,3.171951848,3.361804697,3.529800635,3.105515462,3.052364663,2.733998102,3.116545404,2.658026274,3.239777018
117,2,4,1.931983184,1.520749214,0.684734723,0.590073189,0.235412145,0.12939084,0.088310816,0.100053575,0.181357034,0.472222136,1.412519987,2.429953127,3.454178571,3.217763649,3.509000867,3.171951848,3.361804697,3.529800635,3.105515462,3.052364663,2.733998102,3.116545404,2.658026274,3.239777018
118,7,4,1.470714272,1.751126934,1.140117456,0.631284299,0.483946169,0.234112764,0.154287494,0.284710107,0.208860908,0.394190388,0.575700858,0.936495152,1.651370568,1.422407004,1.416889316,1.460599514,1.331466618,1.239466067,1.062607031,1.69624121,1.726554672,2.126869853,2.674764191,2.383093847
119,4,7,1.470714272,1.751126934,1.140117456,0.631284299,0.483946169,0.234112764,0.154287494,0.284710107,0.208860908,0.394190388,0.575700858,0.936495152,1.651370568,1.422407004,1.416889316,1.460599514,1.331466618,1.239466067,1.062607031,1.69624121,1.726554672,2.126869853,2.674764191,2.383093847
120,6,5,0.562125917,0.545572245,0.681807944,0.117015606,0.08929245,0.020756274,0.130284882,0.405176835,0.414147461,0.729400581,0.181146209,0.126612665,0.35269838,1.256181029,1.139608215,1.04500286,1.123946169,1.075256519,0.746308848,1.721134241,1.321207485,1.372358772,1.14702212,1.182804339
121,5,6,0.562125917,0.545572245,0.681807944,0.117015606,0.08929245,0.020756274,0.130284882,0.405176835,0.414147461,0.729400581,0.181146209,0.126612665,0.35269838,1.256181029,1.139608215,1.04500286,1.123946169,1.075256519,0.746308848,1.721134241,1.321207485,1.372358772,1.14702212,1.182804339
122,8,2,1.141775663,1.467039033,0.995649927,0.792997175,0.324713655,0.000761144,0.000866859,0.000857798,0.000891021,0.000914582,0.000939953,0.027700806,0.150798314,0.604074008,0.675143102,0.643916871,0.462192555,0.786532284,1.44865922,1.602908054,1.688194227,1.215310017,1.270892249,1.452133299
123,2,8,1.141775663,1.467039033,0.995649927,0.792997175,0.324713655,0.000761144,0.000866859,0.000857798,0.000891021,0.000914582,0.000939953,0.027700806,0.150798314,0.604074008,0.675143102,0.643916871,0.462192555,0.786532284,1.44865922,1.602908054,1.688194227,1.215310017,1.270892249,1.452133299
124,8,4,0.074727417,0.047222334,0.003590666,0.004112594,0.005637902,0.001622565,0.001940918,0.001045667,0.001592966,0.001409928,0.001281863,0.011519249,0.048676965,0.014597654,0.002990813,0.099174635,0.003770682,0.010456064,0.033286757,0.090995963,0.099592659,0.00152108,0.001200917,0.001071642
125,4,8,0.074727417,0.047222334,0.003590666,0.004112594,0.005637902,0.001622565,0.001940918,0.001045667,0.001592966,0.001409928,0.001281863,0.011519249,0.048676965,0.014597654,0.002990813,0.099174635,0.003770682,0.010456064,0.033286757,0.090995963,0.099592659,0.00152108,0.001200917,0.001071642
126,1,2,0.008168403,0.00079739,0.486900132,0.000767789,0.000741813,0.000698319,0.006621953,0.000734565,0.000764165,0.00075752,0.001658207,0.000993111,0.00392412,0.068289711,0.0172532,0.059587902,0.022547378,0.026209326,0.046795248,0.140988618,0.048829194,0.048240213,0.016627974,0.000582336
127,2,1,0.008168403,0.00079739,0.486900132,0.000767789,0.000741813,0.000698319,0.006621953,0.000734565,0.000764165,0.00075752,0.001658207,0.000993111,0.00392412,0.068289711,0.0172532,0.059587902,0.022547378,0.026209326,0.046795248,0.140988618,0.048829194,0.048240213,0.016627974,0.000582336
128,6,4,1.507152525,2.317150997,1.694673617,3.09917018,1.662141359,0.388530135,0.244057773,0.137971832,0.10219988,0.084775725,0.23262068,0.444319568,0.707003619,0.730587603,0.849835898,0.657378245,1.302607787,2.254734176,0.580488212,0.897761384,0.627182579,0.685092339,0.910310594,1.518620427
129,4,6,1.507152525,2.317150997,1.694673617,3.09917018,1.662141359,0.388530135,0.244057773,0.137971832,0.10219988,0.084775725,0.23262068,0.444319568,0.707003619,0.730587603,0.849835898,0.657378245,1.302607787,2.254734176,0.580488212,0.897761384,0.627182579,0.685092339,0.910310594,1.518620427
130,7,6,0.779244633,1.636360932,2.300190777,1.84764119,0.718060745,0.301882964,0.141606596,0.115470968,0.094501452,0.120669701,0.298236722,0.308805144,0.397855961,0.887702202,0.445946361,0.621661869,0.737210159,0.543666366,0.528750362,0.487684835,0.937632639,1.450412871,1.05318999,1.598420325
131,6,7,0.779244633,1.636360932,2.300190777,1.84764119,0.718060745,0.301882964,0.141606596,0.115470968,0.094501452,0.120669701,0.298236722,0.308805144,0.397855961,0.887702202,0.445946361,0.621661869,0.737210159,0.543666366,0.528750362,0.487684835,0.937632639,1.450412871,1.05318999,1.598420325
132,7,6,0.371653884,0.385808139,1.265288175,0.833206715,0.823822898,0.69924116,0.449311704,0.08486513,0.121601801,0.118233437,0.309708851,0.197383341,0.24781577,0.327401823,0.373571846,0.641815268,0.470163423,0.571256019,1.044658533,0.415570679,0.471906806,0.66544637,0.922922022,0.917188071
133,6,7,0.371653884,0.385808139,1.265288175,0.833206715,0.823822898,0.69924116,0.449311704,0.08486513,0.121601801,0.118233437,0.309708851,0.197383341,0.24781577,0.327401823,0.373571846,0.641815268,0.470163423,0.571256019,1.044658533,0.415570679,0.471906806,0.66544637,0.922922022,0.917188071
134,8,1,0.950705588,0.847923977,0.520642971,0.646112106,0.346330746,0.160888304,0.096110729,0.061865294,0.17610212,0.122661362,0.190391691,0.202664835,0.801387879,1.235651286,0.809035563,0.522984998,0.800343422,0.765764532,0.746418792,0.746368049,0.912693095,1.319493704,0.924046824,0.842164655
135,1,8,0.950705588,0.847923977,0.520642971,0.646112106,0.346330746,0.160888304,0.096110729,0.061865294,0.17610212,0.122661362,0.190391691,0.202664835,0.801387879,1.235651286,0.809035563,0.522984998,0.800343422,0.765764532,0.746418792,0.746368049,0.912693095,1.319493704,0.924046824,0.842164655
136,1,7,0.044384355,0.079188566,0.059755838,0.177916181,0.649339719,1.551127917,1.718613404,1.659036375,1.405101251,1.693040781,1.736578212,2.25803609,2.409412511,2.817426119,2.495939471,1.768131857,1.723128921,1.224888953,0.82120118,0.472834676,6.044902205,4.695958274,2.947126851,1.211255415
137,7,1,0.044384355,0.079188566,0.059755838,0.177916181,0.649339719,1.551127917,1.718613404,1.659036375,1.405101251,1.693040781,1.736578212,2.25803609,2.409412511,2.817426119,2.495939471,1.768131857,1.723128921,1.224888953,0.82120118,0.472834676,6.044902205,4.695958274,2.947126851,1.211255415
138,5,0,5.111773605,3.055757793,3.602672915,2.989555791,2.883928349,3.332623284,3.782911791,3.865891578,4.850467466,7.688498235,8.000000003,1.273413086,0.610120874,0.401357826,0.139288127,0.087489867,0.082976768,0.167810484,0.446271357,1.10754231,1.333837038,1.97905631,2.600965853,2.899389236
139,0,5,5.111773605,3.055757793,3.602672915,2.989555791,2.883928349,3.332623284,3.782911791,3.865891578,4.850467466,7.688498235,8.000000003,1.273413086,0.610120874,0.401357826,0.139288127,0.087489867,0.082976768,0.167810484,0.446271357,1.10754231,1.333837038,1.97905631,2.600965853,2.899389236
140,8,6,2.171623302,1.851360527,2.410752366,2.398233362,0.835118033,0.274038386,0.119970777,0.049051496,0.016575419,0.017515371,0.070605159,0.098258846,0.085046354,0.127625106,0.288109278,0.106906286,0.328263848,0.154838418,0.198603588,0.068537988,0.068886545,0.483468944,0.395971827,0.478494324
141,6,8,2.171623302,1.851360527,2.410752366,2.398233362,0.835118033,0.274038386,0.119970777,0.049051496,0.016575419,0.017515371,0.070605159,0.098258846,0.085046354,0.127625106,0.288109278,0.106906286,0.328263848,0.154838418,0.198603588,0.068537988,0.068886545,0.483468944,0.395971827,0.478494324
142,4,7,0.222834543,0.509321861,1.506878876,1.423156671,0.831212639,0.558957504,0.229091027,0.250490648,0.386301071,0.11768493,0.075638373,0.022093109,0.142382841,0.20849423,0.243158294,0.29144321,0.329630886,0.212706497,0.287526944,0.22950603,0.314108384,0.452351448,0.175554822,0.512329587
143,7,4,0.222834543,0.509321861,1.506878876,1.423156671,0.831212639,0.558957504,0.229091027,0.250490648,0.386301071,0.11768493,0.075638373,0.022093109,0.142382841,0.20849423,0.243158294,0.29144321,0.329630886,0.212706497,0.287526944,0.22950603,0.314108384,0.452351448,0.175554822,0.512329587
144,3,6,0.157733181,0.243854801,0.233877171,0.197647929,0.303126165,0.170719746,0.178197078,0.042813741,0.034185632,0.025424624,0.009830234,0.012189176,0.019404338,0.033652226,0.042358263,0.082150986,0.0647516,0.033217287,0.039392217,0.040066374,0.024685226,0.055338183,0.074738291,0.246425172
145,6,3,0.157733181,0.243854801,0.233877171,0.197647929,0.303126165,0.170719746,0.178197078,0.042813741,0.034185632,0.025424624,0.009830234,0.012189176,0.019404338,0.033652226,0.042358263,0.082150986,0.0647516,0.033217287,0.039392217,0.040066374,0.024685226,0.055338183,0.074738291,0.246425172
146,0,1,0.055187766,0.112835355,0.080366528,0.030755046,0.284381486,0.440307855,0.511880754,0.290822817,0.114320795,0.052037477,0.051664757,0.050762862,0.064538963,0.906083223,0.604543985,0.70588365,0.454459695,0.491555192,1.129179335,0.687804671,0.341852079,0.419662733,0.29245082,0.874104911
147,1,0,0.055187766,0.112835355,0.080366528,0.030755046,0.284381486,0.440307855,0.511880754,0.290822817,0.114320795,0.052037477,0.051664757,0.050762862,0.064538963,0.906083223,0.604543985,0.70588365,0.454459695,0.491555192,1.129179335,0.687804671,0.341852079,0.419662733,0.29245082,0.874104911
148,3,0,0.83417204,1.053526464,0.620267646,0.717729104,0.863909207,0.712149798,1.285822148,0.840431541,0.375615456,0.263829996,0.212678709,0.077736956,0.085602714,0.133626666,0.395155712,0.356534304,0.734224784,0.203282811,0.459434919,0.82413521,0.268773203,0.422733888,0.833883891,0.282372308
149,0,3,0.83417204,1.053526464,0.620267646,0.717729104,0.863909207,0.712149798,1.285822148,0.840431541,0.375615456,0.263829996,0.212678709,0.077736956,0.085602714,0.133626666,0.395155712,0.356534304,0.734224784,0.203282811,0.459434919,0.82413521,0.268773203,0.422733888,0.833883891,0.282372308
150,5,1,0.846602849,0.438542727,0.683760338,0.394555859,0.747106238,1.27280417,2.02257441,1.117625654,0.566233074,0.130994075,0.075969411,0.069596945,0.070385877,0.149074866,0.229437165,0.277743828,0.399549204,0.154552083,0.168210387,0.281304894,0.381353636,0.2589623,0.280814379,0.36681035
151,1,5,0.846602849,0.438542727,0.683760338,0.394555859,0.747106238,1.27280417,2.02257441,1.117625654,0.566233074,0.130994075,0.075969411,0.069596945,0.070385877,0.149074866,0.229437165,0.277743828,0.399549204,0.154552083,0.168210387,0.281304894,0.381353636,0.2589623,0.280814379,0.36681035
152,0,8,0.520318578,0.641731905,0.667970226,1.101464636,1.462477002,1.71008678,1.226489168,0.205232186,0.291431129,0.029549298,0.017996825,0.017131779,0.018945839,0.028804464,0.204460167,0.163769777,0.234004632,0.271692129,0.219144204,0.479891567,0.403116915,0.199963377,0.269530118,1.08861701
153,8,0,0.520318578,0.641731905,0.667970226,1.101464636,1.462477002,1.71008678,1.226489168,0.205232186,0.291431129,0.029549298,0.017996825,0.017131779,0.018945839,0.028804464,0.204460167,0.163769777,0.234004632,0.271692129,0.219144204,0.479891567,0.403116915,0.199963377,0.269530118,1.08861701
154,2,8,0.382132902,0.339779472,0.497588163,0.414167396,0.191827595,0.346206306,0.004245492,0.01595261,0.006481202,0.005526147,0.002656755,0.003097736,0.007866362,0.010212014,0.023931332,0.008567097,0.035739332,0.12928875,0.010465728,0.005959878,0.005135306,0.003376217,0.098311401,0.029189265
155,8,2,0.382132902,0.339779472,0.497588163,0.414167396,0.191827595,0.346206306,0.004245492,0.01595261,0.006481202,0.005526147,0.002656755,0.003097736,0.007866362,0.010212014,0.023931332,0.008567097,0.035739332,0.12928875,0.010465728,0.005959878,0.005135306,0.003376217,0.098311401,0.029189265
156,3,2,0.094785372,0.165382677,0.058208783,0.024671936,0.123681053,0.090352614,0.008604551,0.002141472,0.001983807,0.00178446,0.002413914,0.004138569,0.007840991,0.015156429,0.01706231,0.013452917,0.140598986,0.012297306,0.007841595,0.020013857,0.015191466,0.082683788,0.032695359,0.029861609
157,2,3,0.094785372,0.165382677,0.058208783,0.024671936,0.123681053,0.090352614,0.008604551,0.002141472,0.001983807,0.00178446,0.002413914,0.004138569,0.007840991,0.015156429,0.01706231,0.013452917,0.140598986,0.012297306,0.007841595,0.020013857,0.015191466,0.082683788,0.032695359,0.029861609
158,8,7,0.114941187,0.018801462,0.017014587,0.051848399,0.08798582,0.019369904,0.015128037,0.007882068,0.007676681,0.006976548,0.009556584,0.007805349,0.01275641,0.034617549,0.059311233,0.066047357,0.129440979,0.043820747,0.058619559,0.083403249,0.056542724,0.068139899,0.031021448,0.195777086
159,7,8,0.114941187,0.018801462,0.017014587,0.051848399,0.08798582,0.019369904,0.015128037,0.007882068,0.007676681,0.006976548,0.009556584,0.007805349,0.01275641,0.034617549,0.059311233,0.066047357,0.129440979,0.043820747,0.058619559,0.083403249,0.056542724,0.068139899,0.031021448,0.195777086
160,1,7,0.046110219,0.220847717,0.137095911,0.137867928,0.019085382,0.177721665,0.294111443,0.106356572,0.005750261,0.007003128,0.005325591,0.009014118,0.017845805,0.035501927,0.099015761,0.01819134,0.043161692,0.11908338,0.016407485,0.008053628,0.022537109,0.015309263,0.015139515,0.44348835
161,7,1,0.046110219,0.220847717,0.137095911,0.137867928,0.019085382,0.177721665,0.294111443,0.106356572,0.005750261,0.007003128,0.005325591,0.009014118,0.017845805,0.035501927,0.099015761,0.01819134,0.043161692,0.11908338,0.016407485,0.008053628,0.022537109,0.015309263,0.015139515,0.44348835
162,3,2,0.079096142,0.056272094,0.109151661,0.042340745,0.182653395,0.057660879,0.078454607,0.066597675,0.058936701,0.046988555,0.044726265,0.047604719,0.045788243,0.033574904,0.03526271,0.023670972,0.022456161,0.083735495,0.046021419,0.01221636,0.012549209,0.030233724,0.013591251,0.136394571
163,2,3,0.079096142,0.056272094,0.109151661,0.042340745,0.182653395,0.057660879,0.078454607,0.066597675,0.058936701,0.046988555,0.044726265,0.047604719,0.045788243,0.033574904,0.03526271,0.023670972,0.022456161,0.083735495,0.046021419,0.01221636,0.012549209,0.030233724,0.013591251,0.136394571
164,3,6,0.026701049,0.050179922,0.066549953,0.075116447,0.004960725,0.002075024,0.002011595,0.002132411,0.002059922,0.002062941,0.002159595,0.003650471,0.164268144,0.661414119,1.239638231,0.868680249,0.39918615,0.773577735,0.760184622,0.737726045,0.529773072,0.404457978,0.594792281,0.510436997
165,6,3,0.026701049,0.050179922,0.066549953,0.075116447,0.004960725,0.002075024,0.002011595,0.002132411,0.002059922,0.002062941,0.002159595,0.003650471,0.164268144,0.661414119,1.239638231,0.868680249,0.39918615,0.773577735,0.760184622,0.737726045,0.529773072,0.404457978,0.594792281,0.510436997
166,3,5,0.474494694,0.056652666,0.014749278,0.002809587,0.001431675,0.00138335,0.001434696,0.001395431,0.001573635,0.001368248,0.001600818,0.012830712,0.252789785,0.439886207,0.57523934,0.375819032,0.399232061,0.48260571,0.468691878,0.783827807,0.487628655,0.351167636,0.370407662,0.244967522
167,5,3,0.474494694,0.056652666,0.014749278,0.002809587,0.001431675,0.00138335,0.001434696,0.001395431,0.001573635,0.001368248,0.001600818,0.012830712,0.252789785,0.439886207,0.57523934,0.375819032,0.399232061,0.48260571,0.468691878,0.783827807,0.487628655,0.351167636,0.370407662,0.244967522
168,7,1,0.145620119,0.07045595,0.01403042,0.004152464,0.008989352,0.001437717,0.001486043,0.001476981,0.001356165,0.001567595,0.001515644,0.019242443,0.169468691,0.386584989,0.447873384,0.575668238,0.224135738,0.61465572,0.790246182,0.503197068,0.734516555,0.422810607,0.220387406,0.138577725
169,1,7,0.145620119,0.07045595,0.01403042,0.004152464,0.008989352,0.001437717,0.001486043,0.001476981,0.001356165,0.001567595,0.001515644,0.019242443,0.169468691,0.386584989,0.447873384,0.575668238,0.224135738,0.61465572,0.790246182,0.503197068,0.734516555,0.422810607,0.220387406,0.138577725
170,0,3,0.090454704,0.108327692,0.199747721,0.028576725,0.004870113,0.001510206,0.001401471,0.001600818,0.001628003,0.00160988,0.001564574,0.037097913,0.23655809,0.359923206,0.662659134,0.774077312,0.331660604,0.785966258,0.728202686,0.686770481,0.606844934,0.461331134,0.368993504,0.44996351
171,3,0,0.090454704,0.108327692,0.199747721,0.028576725,0.004870113,0.001510206,0.001401471,0.001600818,0.001628003,0.00160988,0.001564574,0.037097913,0.23655809,0.359923206,0.662659134,0.774077312,0.331660604,0.785966258,0.728202686,0.686770481,0.606844934,0.461331134,0.368993504,0.44996351
172,1,4,0.255194637,0.035359967,0.030890966,0.005914572,0.077450621,0.041698001,0.312345671,0.363440778,0.374764304,0.32855562,0.097488641,0.001374288,0.126616893,0.44550659,0.902869505,0.493979375,1.002762998,0.573683828,0.738550014,0.895892352,1.353025718,0.749925491,0.232057676,0.062590797
173,4,1,0.255194637,0.035359967,0.030890966,0.005914572,0.077450621,0.041698001,0.312345671,0.363440778,0.374764304,0.32855562,0.097488641,0.001374288,0.126616893,0.44550659,0.902869505,0.493979375,1.002762998,0.573683828,0.738550014,0.895892352,1.353025718,0.749925491,0.232057676,0.062590797
174,0,8,0.064006766,0.087330995,0.240255678,0.407109296,0.193868186,0.00145886,0.001501145,0.001440737,0.001519268,0.0014649,0.001428656,0.001365227,0.011074644,0.477631091,0.660797351,0.70005365,0.616834646,0.324172398,0.372089427,0.398660598,0.757032521,1.082445099,0.350134655,0.039993279
175,8,0,0.064006766,0.087330995,0.240255678,0.407109296,0.193868186,0.00145886,0.001501145,0.001440737,0.001519268,0.0014649,0.001428656,0.001365227,0.011074644,0.477631091,0.660797351,0.70005365,0.616834646,0.324172398,0.372089427,0.398660598,0.757032521,1.082445099,0.350134655,0.039993279
176,4,1,0.063438929,0.11363214,0.082724865,0.095919839,0.001531349,0.002716559,0.001680558,0.001709553,0.001721636,0.001640084,0.001670288,0.001730697,0.001843056,0.040669853,0.125477594,0.070437224,0.125911929,0.020306837,0.043101284,0.039066617,0.147431159,0.007398803,0.032776911,0.015520691
177,1,4,0.063438929,0.11363214,0.082724865,0.095919839,0.001531349,0.002716559,0.001680558,0.001709553,0.001721636,0.001640084,0.001670288,0.001730697,0.001843056,0.040669853,0.125477594,0.070437224,0.125911929,0.020306837,0.043101284,0.039066617,0.147431159,0.007398803,0.032776911,0.015520691
178,7,4,0.004841721,0.029815094,0.007665203,0.004671974,0.00145886,0.002133015,0.004534244,0.001480002,0.001470941,0.001335023,0.001516247,0.001634043,0.001522289,0.057303263,0.035613078,0.076198962,0.097829948,0.023551364,0.003444479,0.004403157,0.037108182,0.003976071,0.006816467,0.015793133
179,4,7,0.004841721,0.029815094,0.007665203,0.004671974,0.00145886,0.002133015,0.004534244,0.001480002,0.001470941,0.001335023,0.001516247,0.001634043,0.001522289,0.057303263,0.035613078,0.076198962,0.097829948,0.023551364,0.003444479,0.004403157,0.037108182,0.003976071,0.006816467,0.015793133
180,3,0,0.090677007,0.065829282,0.062666307,0.001522289,0,0,0,0.000006045,0.000006045,0.00002055,0.000012075,0.000003015,0.00291047,0.018466802,0.006504156,0.0038027,0.018467405,0.007509953,0.063249851,0.00541862,0.00196931,0.003895124,0.004503435,0.000972573
181,0,3,0.090677007,0.065829282,0.062666307,0.001522289,0,0,0,0.000006045,0.000006045,0.00002055,0.000012075,0.000003015,0.00291047,0.018466802,0.006504156,0.0038027,0.018467405,0.007509953,0.063249851,0.00541862,0.00196931,0.003895124,0.004503435,0.000972573
182,2,3,0.001419594,0.000732752,0.000499577,0.020326772,0.000677177,0.012036947,0.00000906,0.000006045,0.009028013,0.000003015,0.000003015,0,0.000006045,0.001457048,0.007369202,0.038030012,0.007552844,0.032484534,0.301627436,0.090688484,0.122347238,0.100063241,0.211719426,0.091280486
183,3,2,0.001419594,0.000732752,0.000499577,0.020326772,0.000677177,0.012036947,0.00000906,0.000006045,0.009028013,0.000003015,0.000003015,0,0.000006045,0.001457048,0.007369202,0.038030012,0.007552844,0.032484534,0.301627436,0.090688484,0.122347238,0.100063241,0.211719426,0.091280486
184,7,2,0.355524278,0.361669005,0.524948267,0.177765764,0.035156391,0.001422614,0.001600818,0.001519268,0.001555512,0.001576655,0.001253471,0.001422614,0.004792187,0.049702094,0.458220713,0.098131385,0.041911845,0.056952896,1.193537073,0.166654271,0.154766532,0.315094247,0.167924657,0.062056788
185,2,7,0.355524278,0.361669005,0.524948267,0.177765764,0.035156391,0.001422614,0.001600818,0.001519268,0.001555512,0.001576655,0.001253471,0.001422614,0.004792187,0.049702094,0.458220713,0.098131385,0.041911845,0.056952896,1.193537073,0.166654271,0.154766532,0.315094247,0.167924657,0.062056788
186,2,0,0.112621511,0.066153675,0.123856236,0.294076406,0.005306865,0.003448103,0.025784052,0.008839539,0.015217442,0.023541093,0.021928194,0.016737314,0.000012075,0.003544152,0.016110879,0.113715504,0.089366751,0.086141556,0.180657506,0.167585766,0.204346601,0.103314411,0.134798586,0.053072873
187,0,2,0.112621511,0.066153675,0.123856236,0.294076406,0.005306865,0.003448103,0.025784052,0.008839539,0.015217442,0.023541093,0.021928194,0.016737314,0.000012075,0.003544152,0.016110879,0.113715504,0.089366751,0.086141556,0.180657506,0.167585766,0.204346601,0.103314411,0.134798586,0.053072873
188,0,4,0.015258519,0.034439949,0.046926335,0.042790182,0.025034385,0.005443388,0.01276245,0.002000721,0.001766942,0.001449798,0.001498125,0.001656998,0.001519268,0.051451517,0.096341489,0.222574184,0.559312706,0.989789723,1.062318279,0.671857497,0.951781458,0.997992558,0.638756799,0.890328149
189,4,0,0.015258519,0.034439949,0.046926335,0.042790182,0.025034385,0.005443388,0.01276245,0.002000721,0.001766942,0.001449798,0.001498125,0.001656998,0.001519268,0.051451517,0.096341489,0.222574184,0.559312706,0.989789723,1.062318279,0.671857497,0.951781458,0.997992558,0.638756799,0.890328149
190,0,2,0.710215526,0.250842827,0.240684576,0.128436389,0.113945055,0.064079859,0.001277634,0.00132294,0.001407512,0.001407512,0.001413554,0.001837619,0.001422614,0.010440357,0.201976181,0.154061568,0.250776378,0.089778737,0.064869999,0.043839473,0.068127212,0.255245381,0.419255582,0.27008225
191,2,0,0.710215526,0.250842827,0.240684576,0.128436389,0.113945055,0.064079859,0.001277634,0.00132294,0.001407512,0.001407512,0.001413554,0.001837619,0.001422614,0.010440357,0.201976181,0.154061568,0.250776378,0.089778737,0.064869999,0.043839473,0.068127212,0.255245381,0.419255582,0.27008225
192,4,7,0.550989053,0.610381838,0.819596738,0.00616587,0.112457201,0.26517408,0.167103104,0.227101782,0.534556802,0.350756255,0.046887674,0.033060225,0.024701537,0.163525124,0.653419692,1.263356321,1.026040712,2.020365885,2.02911602,1.414804023,2.569676798,2.369000603,2.289432068,1.561783328
193,7,4,0.550989053,0.610381838,0.819596738,0.00616587,0.112457201,0.26517408,0.167103104,0.227101782,0.534556802,0.350756255,0.046887674,0.033060225,0.024701537,0.163525124,0.653419692,1.263356321,1.026040712,2.020365885,2.02911602,1.414804023,2.569676798,2.369000603,2.289432068,1.561783328
194,5,7,2.404997273,2.718496742,2.457331353,1.539820097,0.528898361,0.078966869,0.081995738,0.083083691,0.09131069,0.087209573,0.076275681,0.094935185,0.494781596,0.535029194,0.642789653,0.965325591,1.92436208,1.725897431,0.823043631,0.877888883,1.099132878,0.98799137,2.654407217,1.90502238
195,7,5,2.404997273,2.718496742,2.457331353,1.539820097,0.528898361,0.078966869,0.081995738,0.083083691,0.09131069,0.087209573,0.076275681,0.094935185,0.494781596,0.535029194,0.642789653,0.965325591,1.92436208,1.725897431,0.823043631,0.877888883,1.099132878,0.98799137,2.654407217,1.90502238
196,5,8,1.653439551,1.151088198,0.357869325,0.137224581,0.018596075,0.00131388,0.003067532,0.00280113,0.001602632,0.001927628,0.001457048,0.00141174,0.039458063,0.086261163,0.170476301,0.530303457,0.385605168,0.509742906,0.628322483,0.417219824,0.538103975,0.871058523,0.810522815,0.828696032
197,8,5,1.653439551,1.151088198,0.357869325,0.137224581,0.018596075,0.00131388,0.003067532,0.00280113,0.001602632,0.001927628,0.001457048,0.00141174,0.039458063,0.086261163,0.170476301,0.530303457,0.385605168,0.509742906,0.628322483,0.417219824,0.538103975,0.871058523,0.810522815,0.828696032
198,6,5,0.44853848,0.47249639,0.31025313,0.126317873,0.043983245,0.1800794,0.00001515,0.000006045,0.000003015,0.000006045,0.000006045,0.000006045,0.022508717,0.172579112,0.235830774,0.100784514,0.113379633,0.96220188,1.174850387,0.252711858,0.203001912,0.118960752,0.232252794,1.172232897
199,5,6,0.44853848,0.47249639,0.31025313,0.126317873,0.043983245,0.1800794,0.00001515,0.000006045,0.000003015,0.000006045,0.000006045,0.000006045,0.022508717,0.172579112,0.235830774,0.100784514,0.113379633,0.96220188,1.174850387,0.252711858,0.203001912,0.118960752,0.232252794,1.172232897
